{"desktopweb":{"platform":"desktopweb","indexjl":"js","appName":"AggityDemo","buildWar":"false","librarymode":"css","devicemessage":"Unknown Error Occurred <br/> Contact System Admin","deviceexception":"This device is currently not supported","importjsfiles":[],"defaultLocale":"en","default_locale":"en","locales":"[\"ar\",\"en\",\"en_US\",\"es\",\"fr\",\"it\",\"pt\",\"ru\",\"zh\"]","javascripterrormsg":"To use this site, first enable your browser's JavaScript support and then refresh this page.","version":"1.0.0","category":"desktopweb/","bgcolor":"#ffffff","cssLazyLoad":true,"customFontsList":["FontAwesome","FontAwesome6Free-Regular","FontAwesome6Free-Solid","Inter-Regular","Inter-SemiBold","Richter-Pharma-Icons","icomoon"],"customFontsUrlList":["url('desktopweb/FontAwesome.ttf'), url('desktopweb/FontAwesome.eot')","url('desktopweb/FontAwesome6Free-Regular.ttf'), url('desktopweb/FontAwesome6Free-Regular.eot')","url('desktopweb/FontAwesome6Free-Solid.ttf'), url('desktopweb/FontAwesome6Free-Solid.eot')","url('desktopweb/Inter-Regular.ttf'), url('desktopweb/Inter-Regular.eot')","url('desktopweb/Inter-SemiBold.ttf'), url('desktopweb/Inter-SemiBold.eot')","url('desktopweb/Richter-Pharma-Icons.ttf'), url('desktopweb/Richter-Pharma-Icons.eot')","url('desktopweb/icomoon.ttf'), url('desktopweb/icomoon.eot')"],"fontsObj":{"FontAwesome":"url('desktopweb/FontAwesome.ttf'), url('desktopweb/FontAwesome.eot')","FontAwesome6Free-Regular":"url('desktopweb/FontAwesome6Free-Regular.ttf'), url('desktopweb/FontAwesome6Free-Regular.eot')","FontAwesome6Free-Solid":"url('desktopweb/FontAwesome6Free-Solid.ttf'), url('desktopweb/FontAwesome6Free-Solid.eot')","Inter-Regular":"url('desktopweb/Inter-Regular.ttf'), url('desktopweb/Inter-Regular.eot')","Inter-SemiBold":"url('desktopweb/Inter-SemiBold.ttf'), url('desktopweb/Inter-SemiBold.eot')","Richter-Pharma-Icons":"url('desktopweb/Richter-Pharma-Icons.ttf'), url('desktopweb/Richter-Pharma-Icons.eot')","icomoon":"url('desktopweb/icomoon.ttf'), url('desktopweb/icomoon.eot')"},"style":"width: 100%; margin: 0px; padding: 0px;","bodyalign":"left","bodyAttrs":"style = \"width: 100%; margin: 0px; padding: 0px;\"  aria-busy=\"true\" aria-live=\"polite\" aria-relevant=\"additions\" aria-atomic=\"false\"","enablexfsdw":false,"enablexfs":"false","isDebug":"false","csslist":[],"jslist":[],"enableViewportZooming":false,"webcsslist":[],"webjslist":[],"webheadertags":[],"htmlAttrs":"","ieMetaTag":"<meta http-equiv=\"X-UA-Compatble\" content=\"IE=edge\">","headPageFileName":"1064181582/desktopweb/head.html","bodyPageFileName":"1064181582/desktopweb/body.html","baseTag":"<base href= \"/apps/AggityDemo/1064181582/\" target = \"_blank\"/>","baseLocalTag":"<base href= \"./\" target = \"_blank\"/>"},"indexPage":{"headPageFileName":"1064181582/desktopweb/head.html","bodyPageFileName":"1064181582/desktopweb/body.html","baseTag":"<base href= \"/apps/AggityDemo/1064181582/\" target = \"_blank\"/>","ieMetaTag":"<meta http-equiv=\"X-UA-Compatble\" content=\"IE=edge\">","htmlAttrs":"","bodyAttrs":"style = \"width: 100%; margin: 0px; padding: 0px;\"  aria-busy=\"true\" aria-live=\"polite\" aria-relevant=\"additions\" aria-atomic=\"false\""},"appconfig":{"buildoption":"debug","applocales":"ar,en,en_US,es,fr,it,pt,ru,zh","spa":"desktopweb","appid":"AggityDemo","devicedblookup":"false","smsecure":"","cacheId":"1064181582","cacheUrl":"AggityDemo/1064181582"}}