
{
    "NSAppTransportSecurity" :
    {
        "NSAllowsArbitraryLoads" : true ,
        "NSExceptionDomains" :
            {
                "example.com" :
                    {
                        "NSIncludesSubdomains" : true ,
                        "NSExceptionAllowsInsecureHTTPLoads" : true
                    }
            }
    } ,
 
"NSSpeechRecognitionUsageDescription": "This application requires the usage of speech recognition features.",
"NSMicrophoneUsageDescription": "This application requires the usage of microphone.",
"NSCameraUsageDescription" : "This application requires the usage of camera.",
"NSPhotoLibraryUsageDescription": "This application needs access to photo library."
}

